fips,POVALL_2019,PCTPOVALL_2019,MEDHHINC_2019
1001,6723,12.1,58233
1003,22360,10.1,59871
1005,5909,27.1,35972
1007,4101,20.3,47918
1009,9324,16.3,52902
1011,2537,30,31906
1013,4124,21.6,39944
1015,18988,17.2,47747
1017,6415,19.6,42015
1019,4121,15.9,45982
1021,7044,16,49692
1023,2811,22.6,39808
1025,4281,18.4,43822
1027,2156,16.6,40562
1029,1945,13.3,51276
1031,7734,15,57299
1033,7998,14.6,46683
1035,2662,22.2,41539
1037,1789,17.1,42024
1039,6269,17.2,44836
1041,2289,16.8,43309
1043,10088,12.2,50897
1045,8727,18.1,45120
1047,9533,26,34034
1049,12848,18.2,44277
1051,8753,11.4,62310
1053,6980,20.5,42712
1055,18801,18.8,43047
1057,2721,17,44212
1059,4989,16.1,44874
1061,4180,16.1,43089
1063,2553,31.7,28699
1065,2956,20.5,40745
1067,2919,17.2,48597
1069,20207,19.4,50138
1071,7481,14.7,44322
1073,104288,16.2,54127
1075,2070,15.3,42686
1077,14193,15.7,48188
1079,5773,17.7,47797
1081,24731,15.5,54160
1083,11535,12,64729
1085,2555,26.6,33930
1087,4817,29.3,34281
1089,41789,11.5,68609
1091,4601,24.8,38838
1093,4883,16.9,44675
1095,14989,15.7,48913
1097,71784,17.7,49492
1099,4770,23.3,40005
1101,34268,15.8,52711
1103,16146,13.7,54355
1105,2778,33.9,29572
1107,4380,24.3,40249
1109,6742,21.8,41271
1111,3906,17.5,42922
1113,10823,18.9,43670
1115,9780,11.2,65403
1117,13428,6.2,77801
1119,4195,36.4,29209
1121,13326,17.4,47719
1123,6341,16,47100
1125,32226,16.2,52307
1127,10837,17.3,45991
1129,2998,18.6,48864
1131,3329,32.5,30998
1133,3882,16.7,40827
2013,492,14.8,66923
2016,414,7.6,84726
2020,26636,9.5,82512
2050,4249,23.5,48262
2060,80,9.8,87950
2068,132,6.6,78434
2070,883,18.1,57436
2090,6656,7.2,74076
2100,247,9.8,62548
2105,336,15.7,53141
2110,1951,6.3,85419
2122,5966,10.4,68625
2130,1283,9.4,75706
2150,909,7.1,79669
2158,2217,26.8,35369
2164,275,17.4,51693
2170,10142,9.6,75856
2180,2033,20.7,58464
2185,1109,11.4,84784
2188,1805,24,61660
2195,219,6.7,71296
2198,1085,17.6,50049
2220,672,8.1,80660
2230,47,4,74898
2240,823,12,69646
2261,781,8.6,74574
2275,240,9.7,62496
2282,85,14.7,61587
2290,1266,24.4,42063
4001,23680,33.4,35386
4003,20172,16.6,48650
4005,20817,15.9,58301
4007,11219,21.1,45980
4009,7207,20.1,50685
4011,876,9.3,68066
4012,4593,22.1,39407
4013,539670,12.2,68634
4015,33183,16,49712
4017,27440,25.2,40676
4019,142859,14,56150
4021,52975,12.1,62067
4023,8688,18.8,47779
4025,27845,12,54242
4027,41782,20.4,47024
5001,2714,15.8,52539
5003,3603,18.5,47744
5005,5248,12.7,41950
5007,24525,8.9,70775
5009,5572,15.1,50083
5011,2426,22.9,39982
5013,771,15.4,48415
5015,4118,14.7,43841
5017,2900,31,37014
5019,3971,20.6,44105
5021,2691,18.7,40686
5023,3452,14.1,46214
5025,1080,13.7,53773
5027,4509,21.2,42964
5029,3215,15.6,46924
5031,17960,16.9,47766
5033,11436,18.3,44600
5035,10520,22.4,41976
5037,2874,17.8,45273
5039,1241,18.8,41314
5041,2859,25.4,37005
5043,3191,18.5,44162
5045,17459,14.4,58482
5047,2830,16.2,45670
5049,2169,17.7,32926
5051,16532,16.9,45786
5053,2189,12.1,58566
5055,6925,15.5,47098
5057,3930,18.5,40867
5059,6322,20.2,45860
5061,2176,16.8,41427
5063,5852,15.9,47903
5065,2003,15.9,40233
5067,3313,22.9,38636
5069,14942,24.4,40555
5071,4521,17.5,40396
5073,1655,25.5,37164
5075,2887,18.4,39604
5077,2515,35.4,30421
5079,2567,27.1,44272
5081,2157,17.8,43257
5083,3640,17.4,42249
5085,7760,10.7,62782
5087,2699,16.4,48016
5089,2687,16.3,38760
5091,5909,14.1,50905
5093,9128,23,39990
5095,1681,25.5,34289
5097,1756,19.9,39591
5099,1951,24.1,36528
5101,1386,18.1,37648
5103,3969,17.3,46393
5105,1710,16.5,50560
5107,5841,33.3,31521
5109,1769,16.9,44426
5111,5339,23.1,40536
5113,3991,20.2,39722
5115,10218,16.9,47519
5117,1190,15,46205
5119,56020,14.6,52684
5121,3036,17.3,42875
5123,6679,32,34389
5125,11665,9.6,66944
5127,1983,19.6,38065
5129,1740,22.4,34712
5131,19923,15.9,48945
5133,2962,17.7,43493
5135,4007,23.3,37591
5137,2378,19.3,36930
5139,7216,18.9,46602
5141,3235,19.9,38096
5143,34731,15.1,52158
5145,11613,15.4,46388
5147,1678,27.1,36568
5149,3265,15.6,44469
6001,146315,8.9,107589
6003,193,17.2,58112
6005,3462,9.8,62640
6007,34503,16.1,58394
6009,5477,12.1,68248
6011,2554,12,59048
6013,90482,7.9,106555
6015,4445,17.9,48979
6017,16649,8.7,86202
6019,200873,20.5,56926
6021,3397,12.1,55682
6023,25136,19.1,51134
6025,38020,22,48102
6027,2071,11.7,59605
6029,164817,19,53245
6031,21840,16,57297
6033,11622,18.3,46897
6035,3789,16.5,53613
6037,1319242,13.4,72721
6039,26309,17.6,61105
6041,17357,6.9,112069
6043,2565,15.1,52760
6045,11980,14,52309
6047,46011,17,59733
6049,1757,20.5,45311
6051,1437,10.1,66226
6053,52484,12.6,76509
6055,9897,7.4,90230
6057,9268,9.4,69550
6059,297658,9.5,95761
6061,26170,6.6,97688
6063,2432,13.2,59376
6065,274953,11.3,72905
6067,192993,12.6,71891
6069,6518,10.4,84209
6071,284359,13.3,67398
6073,335034,10.3,83576
6075,82616,9.5,121795
6077,101772,13.6,68458
6079,31180,11.6,76599
6081,46328,6.1,135234
6083,51298,12,74530
6085,116401,6.1,132444
6087,27531,10.6,85770
6089,23508,13.3,61464
6091,375,12.7,55862
6093,7484,17.4,45954
6095,39018,9,85704
6097,34758,7.2,87084
6099,70741,13,62761
6101,12310,12.8,60910
6103,10484,16.3,51672
6105,1986,16.5,43881
6107,86940,18.9,56776
6109,5781,11.3,64729
6111,68482,8.2,91446
6113,35608,16.9,70951
6115,11748,15.2,56607
8001,47464,9.3,75341
8003,3019,19.6,38213
8005,47072,7.2,82364
8007,1502,10.8,57604
8009,675,19.3,38945
8011,1354,34.4,35764
8013,33965,10.7,88341
8014,2865,4.1,106892
8015,2070,11,60331
8017,243,13.7,52337
8019,709,7.4,79900
8021,1624,19.9,40944
8023,955,24.6,34731
8025,1249,40,38224
8027,577,11.8,57381
8029,4602,15.1,51525
8031,86020,12.1,75456
8033,262,12.8,50232
8035,9622,2.7,123697
8037,4365,7.9,89268
8039,1514,5.7,101733
8041,61692,8.8,72675
8043,6361,16.1,52239
8045,5694,9.6,73788
8047,421,6.8,74806
8049,1271,8.1,71029
8051,1920,11.6,60408
8053,72,8.9,61391
8055,1349,20,39955
8057,175,12.6,53577
8059,41258,7.2,89696
8061,188,13.5,46901
8063,927,13.2,42951
8065,913,11.4,56850
8067,6127,11.3,77829
8069,35894,10.3,75332
8071,2407,17.6,43452
8073,793,17,43077
8075,2389,12.9,58429
8077,16840,11.2,60249
8079,72,9.4,63015
8081,1611,12.2,63232
8083,3856,14.9,52641
8085,5565,13.2,50707
8087,3386,11.9,57535
8089,4297,24.2,43723
8091,342,6.9,72836
8093,1602,8.6,77221
8095,435,10.4,53432
8097,1099,6.2,92820
8099,2159,18.2,47051
8101,29187,17.8,51075
8103,624,10.3,65960
8105,1591,14.4,48496
8107,1820,7.2,87691
8109,1726,25.4,37004
8111,99,13.7,50524
8113,804,9.9,77209
8115,323,14.6,42808
8117,1963,6.4,86570
8119,1990,7.9,70599
8121,556,11.8,53263
8123,26547,8.4,78160
8125,1255,12.8,52841
9001,83047,9,96966
9003,93694,10.8,75336
9005,12741,7.1,81015
9007,11024,7,81721
9009,99423,12,69687
9011,19739,7.8,75226
9013,10559,7.8,90181
9015,12874,11.5,63309
10001,22195,12.7,58804
10003,56289,10.4,76076
10005,27742,12.1,64839
11001,94985,14.1,90395
12001,46916,18.4,49880
12003,3914,14.9,60454
12005,20643,12.1,58376
12007,5011,21,47509
12009,55578,9.4,57582
12011,237486,12.3,61429
12013,2508,20.3,41399
12015,21188,11.4,54756
12017,22291,15.2,49762
12019,18095,8.3,75776
12021,35928,9.4,76415
12023,10338,15.6,47087
12027,7626,21.8,41673
12029,3338,22.2,39793
12031,126963,13.5,58339
12033,46519,15.5,52822
12035,11049,9.7,62831
12037,1995,19.2,47504
12039,8472,19.7,42975
12041,2601,15,46171
12043,2377,19.3,45412
12045,1848,14,53228
12047,3794,32.5,39241
12049,5614,22.1,41430
12051,8086,19.5,45107
12053,23779,12.4,50705
12055,16519,15.8,45723
12057,195684,13.5,61133
12059,3587,20.1,38874
12061,18179,11.5,61173
12063,7769,19.4,40543
12065,2276,17.6,47192
12067,1289,18,45480
12069,39419,10.9,57660
12071,85295,11.2,62364
12073,58203,20.8,55081
12075,7458,18.2,41405
12077,1453,23,44236
12079,3732,22.7,37919
12081,44991,11.3,64151
12083,52950,14.9,49079
12085,14000,8.9,70806
12086,419056,15.7,54991
12087,7239,9.9,67528
12089,7951,9,72818
12091,21866,10.6,63520
12093,7189,18.4,45225
12095,171599,12.6,63133
12097,49803,13.4,52270
12099,168026,11.4,66621
12101,61716,11.3,55745
12103,108948,11.4,56708
12105,99590,14,51817
12107,16318,22.4,41986
12109,16829,6.4,90839
12111,34008,10.5,57292
12113,17435,9.8,66139
12115,33144,7.8,66258
12117,43741,9.3,69954
12119,11078,8.9,63464
12121,7144,17.1,49453
12123,3792,19.9,42987
12125,2065,19.9,50893
12127,70554,13.1,53554
12129,3651,12,58640
12131,7740,10.8,62600
12133,4587,20.1,42518
13001,3737,20.9,43821
13003,1887,23.2,38581
13005,2080,19.2,41807
13007,749,24.8,39515
13009,8934,22.9,44429
13011,2454,12.8,53481
13013,8021,9.7,68924
13015,13243,12.5,60254
13017,3738,22.8,35931
13019,3843,20.1,42058
13021,33912,23.2,43066
13023,2112,18.5,48115
13025,3056,16.1,44680
13027,3372,21.9,39554
13029,3073,7.8,79296
13031,15945,21.9,48788
13033,5197,23.6,42632
13035,3217,14.7,47410
13037,1608,35.9,34960
13039,7219,13.8,58552
13043,2427,23.1,41665
13045,17148,14.9,59193
13047,6704,10,60753
13049,2804,25.9,42891
13051,40565,14.8,57122
13053,1547,18.5,46106
13055,4085,17.4,41561
13057,16725,6.5,88635
13059,30277,25.7,41036
13061,797,28.8,24732
13063,45655,16,50737
13065,1435,22,42928
13067,62275,8.3,79622
13069,8048,20.2,41675
13071,9738,21.9,41899
13073,8747,5.6,88285
13075,3654,21.4,40670
13077,13318,9,79232
13079,1875,15.3,50411
13081,5830,26.7,40482
13083,2038,13.5,45986
13085,2267,8.8,69155
13087,5915,23.4,40473
13089,95805,12.9,63606
13091,3853,20.6,41118
13093,3236,28.2,37109
13095,23192,27.6,36894
13097,15842,10.9,62915
13099,2733,27.3,40011
13101,861,21.6,40408
13103,5784,9.1,71628
13105,3897,20.6,40962
13107,4441,20.9,38529
13109,2459,24.1,41425
13111,3144,12.1,47980
13113,6105,5.4,94563
13115,15537,16.4,50520
13117,11024,4.5,113332
13119,3887,17.3,47691
13121,141979,13.8,79235
13123,4543,14.6,57007
13125,486,16.9,49350
13127,12943,15.4,58017
13129,7001,12.3,53373
13131,5276,21.7,42603
13133,2709,15,60973
13135,85810,9.2,72225
13137,6515,15.2,51296
13139,27137,13.5,66698
13141,2225,31.2,31715
13143,4223,14.4,49020
13145,2270,6.5,74052
13147,3717,14.6,50647
13149,1958,16.7,48984
13151,18819,8.1,72927
13153,17079,11,65641
13155,1699,20.5,42317
13157,7418,10.3,66645
13159,1748,12.4,59207
13161,3169,21.2,40603
13163,3710,25.1,35379
13165,2162,29,32808
13167,1931,24.2,37771
13169,3629,12.8,56819
13171,2641,14.8,57402
13173,1871,18.5,42667
13175,11049,23.9,42018
13177,2715,9.3,72425
13179,8680,14.5,51410
13181,1357,17.3,45299
13183,2726,14.2,52051
13185,22685,20.4,46450
13187,4432,14.5,57078
13189,3792,18,44473
13191,2671,18.7,46682
13193,3249,29.4,34634
13195,4608,15.6,52326
13197,1745,21.1,41190
13199,4634,22.2,43571
13201,1193,21.3,41769
13205,6048,30.7,37383
13207,2787,10.6,70488
13209,1619,19.4,43657
13211,2109,11.1,67089
13213,5755,14.5,50061
13215,34694,18.4,47035
13217,12348,11.2,58222
13219,2236,5.6,100878
13221,1922,12.8,54346
13223,11461,6.8,76580
13225,5203,19.8,49815
13227,3327,10.3,66183
13229,3157,16.4,46701
13231,1615,8.7,74905
13233,6816,16.2,47896
13235,2048,20.7,42274
13237,3316,15.1,62282
13239,523,22.8,35522
13241,2181,13,46639
13243,1635,25.3,33505
13245,41081,21.7,44810
13247,10873,12.1,60281
13249,834,15.9,51129
13251,3239,24.1,42331
13253,1808,22.6,38618
13255,11537,17.7,49237
13257,3794,15,45416
13259,1702,34.7,34566
13261,7420,26.7,40250
13263,1210,19.6,41045
13265,345,22.5,37046
13267,5507,26.5,41457
13269,1810,22.9,28234
13271,3516,27.7,36264
13273,2325,28.2,37122
13275,7894,18,47978
13277,8380,21.5,47764
13279,5086,19.2,41442
13281,1376,12.7,49023
13283,2043,31.6,37478
13285,13009,19.2,47296
13287,2132,28,35400
13289,1522,19,44079
13291,2800,11.6,57049
13293,4932,19.1,40926
13295,10034,14.7,47548
13297,10070,10.8,67007
13299,8742,26.3,37642
13301,1372,26.5,37313
13303,3940,21.4,41674
13305,5116,18.4,47382
13307,477,18.4,41547
13309,1821,34.2,35927
13311,3259,10.9,54786
13313,13110,12.7,53115
13315,1991,29.4,38261
13317,1875,19.6,39716
13319,1491,17,43902
13321,4061,20.3,43142
15001,26071,13.1,64929
15003,74282,7.9,86946
15007,6659,9.3,73029
15009,17638,10.7,77375
16001,44023,9.4,72295
16003,539,12.7,50042
16005,11554,13.5,53306
16007,717,11.8,54550
16009,1415,15.4,49303
16011,5145,11.1,59959
16013,1657,7.2,75778
16015,899,11.6,64443
16017,5689,12.6,56729
16019,10953,9.3,65165
16021,1794,14.8,50709
16023,376,14.6,51742
16025,99,9,56014
16027,22828,10.1,58670
16029,718,10.1,61518
16031,2843,12,53284
16033,122,14.5,48726
16035,1082,13.5,49816
16037,556,13,49055
16039,3758,14.1,47796
16041,1122,8.2,55421
16043,1598,12.7,56162
16045,2266,12.7,53733
16047,2285,15.1,50205
16049,2227,13.8,48866
16051,2723,9.2,63078
16053,3429,14.2,56320
16055,16374,10,62764
16057,4353,11.7,54999
16059,1070,13.5,46062
16061,502,13.2,45342
16063,592,11.2,50608
16065,10731,27.4,46177
16067,2361,11.3,56173
16069,4372,11.1,67645
16071,507,11.3,55833
16073,1736,14.9,48395
16075,2615,11,53643
16077,998,13.1,50981
16079,2426,19.1,39239
16081,931,7.7,73637
16083,9420,11,56141
16085,995,8.8,64041
16087,1345,13.4,45813
17001,7786,12.3,55942
17003,1361,24,37408
17005,1920,13,53447
17007,4701,8.9,72426
17009,674,14.8,60254
17011,3594,11.2,57935
17013,452,9.7,63373
17015,1560,11.1,56468
17017,1554,13,51011
17019,38566,19.9,53485
17021,3769,12.3,51573
17023,1636,10.8,58323
17025,1793,13.8,49377
17027,2645,7.5,67201
17029,7957,16.8,50467
17031,659687,13,69375
17033,2170,12.6,50352
17035,1075,10.1,53991
17037,12909,13,64676
17039,1683,11,59521
17041,1544,8,64283
17043,54833,6,96354
17045,2220,13.2,51333
17047,744,11.8,54930
17049,3087,9.2,58943
17051,2961,15.1,48913
17053,1256,10,55369
17055,6199,16.4,43695
17057,4181,13.3,50461
17059,911,19,46515
17061,1730,13.7,52116
17063,2827,5.6,83135
17065,1017,12.7,51031
17067,2149,12.3,53724
17069,683,18,44573
17071,724,11,55535
17073,4164,8.7,61680
17075,3083,11.6,51542
17077,13551,25.4,37308
17079,942,9.9,59980
17081,5267,14.9,50531
17083,2171,10.4,63351
17085,1965,9.3,62522
17087,1435,12.9,55022
17089,43305,8.2,84311
17091,13271,12.7,60763
17093,5195,4,105586
17095,8490,18.6,43404
17097,49130,7.2,92638
17099,12837,12.2,59528
17101,2442,18.4,47114
17103,3724,12,57619
17105,4319,13,54422
17107,3124,12.8,53806
17109,6134,23.3,49048
17111,16380,5.4,89379
17113,23034,14.3,69230
17115,16762,16.7,52259
17117,5934,13.5,54174
17119,28284,10.9,66591
17121,5456,15,52291
17123,1007,9,63628
17125,1592,12.1,51967
17127,2143,15.9,54159
17129,986,8.2,77306
17131,1233,8.1,62241
17133,1423,4.2,90904
17135,4140,16,51665
17137,4209,13.8,55937
17139,1218,8.6,65472
17141,4684,9.4,63565
17143,25825,14.8,57717
17145,2650,14.4,56880
17147,1054,6.5,72265
17149,2164,14.4,54309
17151,688,16.9,46478
17153,1171,22,38506
17155,435,7.6,74367
17157,3499,12.7,58444
17159,1980,13.1,49775
17161,18669,13.6,57772
17163,33979,13.3,57726
17165,3556,15.7,48547
17167,23367,12.2,61768
17169,753,11.3,56015
17171,545,11.2,61231
17173,2000,9.4,61376
17175,587,11.2,54804
17177,4997,11.5,51786
17179,10576,8.2,66206
17181,2835,17.2,51575
17183,12253,16.8,46295
17185,1533,13.5,54249
17187,1805,11.4,53621
17189,1099,8.1,64297
17191,2116,13.1,51829
17193,1906,14.5,51388
17195,6176,11.4,50880
17197,44518,6.5,90249
17199,8627,13.4,56958
17201,44613,16.1,59510
17203,2269,6.1,77117
18001,4444,12.6,53532
18003,39176,10.5,56838
18005,9205,11.2,71181
18007,752,8.7,55016
18009,1474,12.8,46811
18011,4619,6.9,84137
18013,1565,10.5,59617
18015,1739,8.7,58965
18017,4630,12.6,51777
18019,11267,9.7,59441
18021,2920,11.3,54349
18023,3545,11.3,55336
18025,1723,16.5,44332
18027,3686,11.3,56611
18029,4546,9.3,71351
18031,2502,9.6,60891
18033,4040,9.5,59714
18035,22680,21.5,45912
18037,2465,5.9,63869
18039,19316,9.6,55782
18041,3059,13.5,48499
18043,8161,10.6,64614
18045,2000,12.5,55337
18047,2073,9.2,67315
18049,1876,9.6,55011
18051,3050,9.3,61872
18053,9713,16,47509
18055,4242,13.5,51918
18057,14199,4.2,107710
18059,3978,5.2,77905
18061,3276,8.2,64270
18063,8123,4.9,85827
18065,5709,12.9,49293
18067,9880,12.2,54048
18069,3407,9.7,54565
18071,4391,10.1,59472
18073,2854,8.8,65352
18075,2510,12.5,49447
18077,3476,11.6,53378
18079,3169,11.6,55022
18081,9294,6,74427
18083,4381,12.7,48760
18085,6996,9,64677
18087,2943,7.5,70746
18089,69073,14.5,57280
18091,13771,13.4,56427
18093,4670,10.5,56261
18095,16056,13.1,54145
18097,143107,15.2,50707
18099,4947,10.9,53695
18101,1098,10.9,56735
18103,4162,13,53658
18105,27710,20.8,53113
18107,4478,12.1,54366
18109,6201,8.9,63414
18111,1300,9.5,61457
18113,3662,7.8,60980
18115,554,9.6,58294
18117,2728,14.1,47931
18119,2447,12,53387
18121,2308,15.1,51554
18123,2113,12.1,53908
18125,1140,9.4,52378
18127,13421,8.1,74064
18129,2167,8.6,68435
18131,1357,11.2,52432
18133,3408,10.5,64098
18135,3222,13.3,50496
18137,2525,9.1,61219
18139,1785,11,54371
18141,39848,15.3,53881
18143,3194,13.6,50571
18145,4414,10.1,59798
18147,1728,8.7,59183
18149,3046,13.3,54001
18151,2846,8.6,59444
18153,2643,14.4,53375
18155,1529,14.5,52482
18157,28780,16.1,51228
18159,1166,7.8,69960
18161,667,9.6,53866
18163,25190,14.4,51603
18165,1859,12.2,50723
18167,20241,20.8,48082
18169,3163,10.9,59874
18171,766,9.4,64109
18173,3888,6.3,79644
18175,3325,12.1,51948
18177,9577,15.2,47885
18179,2041,7.4,61636
18181,2429,10.3,58295
18183,2559,7.7,67347
19001,750,10.7,57977
19003,450,12.5,53385
19005,1745,13,56240
19007,2373,19.3,41672
19009,587,10.9,53197
19011,1964,7.8,70023
19013,17407,13.7,60010
19015,2227,8.7,63975
19017,1581,6.7,67229
19019,1984,9.5,67906
19021,1903,10.2,57048
19023,1492,10.5,57080
19025,1032,11.5,57007
19027,1631,8.2,61379
19029,1798,14.3,53692
19031,1433,7.8,71029
19033,3504,8.5,54589
19035,1105,10.2,59901
19037,1012,8.5,60111
19039,1078,11.7,57708
19041,1627,10.3,57174
19043,1910,11,53223
19045,6009,13.1,56865
19047,2074,12.5,58077
19049,3956,4.3,97535
19051,1021,11.5,57150
19053,1309,18.3,44873
19055,1450,8.6,70091
19057,5703,14.9,53547
19059,1192,7,66211
19061,10030,10.7,62481
19063,999,11.4,55635
19065,2489,13.2,53142
19067,1802,11.7,55369
19069,1105,11.2,55847
19071,789,11.6,60498
19073,986,11.2,55562
19075,659,5.5,73683
19077,929,8.8,64965
19079,1320,9.1,63234
19081,945,9,62030
19083,1689,10.6,57103
19085,1206,8.7,63901
19087,2142,11.7,57747
19089,865,9.6,58028
19091,1010,10.8,56695
19093,704,10.5,58249
19095,1056,6.7,66861
19097,2362,12.3,57687
19099,2968,8.4,67317
19101,2386,14.2,51741
19103,22937,16,67295
19105,1844,9.5,63399
19107,1150,11.4,54937
19109,1506,10.3,59568
19111,4859,15,51089
19113,24600,11.1,64783
19115,999,9.2,60544
19117,1263,14.9,53085
19119,858,7.4,66139
19121,1114,6.9,72578
19123,2316,10.8,59242
19125,2636,8.2,66381
19127,4947,13,55631
19129,1283,8.8,72679
19131,961,9.3,61247
19133,1028,12.3,53104
19135,811,10.7,56397
19137,1279,13.2,52715
19139,4249,10.1,61767
19141,1365,10.1,60298
19143,544,9.3,60702
19145,2020,14.9,52179
19147,952,11.1,55074
19149,1796,7.2,69165
19151,654,10.1,56146
19153,48468,10.1,67331
19155,10002,11,60322
19157,1951,11.6,57741
19159,713,15.1,50890
19161,903,9.5,59392
19163,20016,11.8,65724
19165,970,8.7,60498
19167,2272,7,71566
19169,13727,15.8,64151
19171,2168,13.1,56281
19173,753,12.5,51510
19175,1433,12.1,52914
19177,895,12.8,50425
19179,4842,14.2,50533
19181,3621,7.3,79557
19183,1971,9.1,63230
19185,1211,19.1,49962
19187,4005,12.1,53344
19189,1011,10.2,50258
19191,1549,8.6,65482
19193,12882,12.8,58419
19195,711,9.8,60139
19197,1364,11,54251
20001,2067,17.3,46690
20003,982,12.7,51352
20005,2051,13.8,51860
20007,593,13.6,50660
20009,3345,13.4,50754
20011,2185,15.6,47452
20013,1454,15.4,47558
20015,5460,8.5,66199
20017,285,11.4,51022
20019,518,16.4,43664
20021,3016,15.4,47682
20023,301,11.6,47323
20025,238,12.4,59085
20027,780,10,52781
20029,1123,13.5,46299
20031,903,11.2,62715
20033,187,11.6,47854
20035,4416,13.5,51537
20037,6828,18.5,42723
20039,361,13.2,46878
20041,1764,9.8,58066
20043,810,11.4,52596
20045,17127,15.1,62559
20047,322,11.7,49047
20049,481,19.4,41930
20051,3596,13.1,51237
20053,490,9.6,56988
20055,4647,13,57412
20057,4522,13.8,54604
20059,2594,10.4,55984
20061,3586,11.7,58978
20063,246,9.6,52986
20065,288,11.8,48912
20067,743,10.5,65178
20069,448,7.6,69077
20071,131,10.9,58492
20073,873,14.9,44876
20075,332,13.1,55857
20077,751,14.2,47540
20079,3058,9.3,62961
20081,379,9.7,62477
20083,184,10.4,58360
20085,1410,10.9,60615
20087,1456,7.8,68549
20089,369,13,46017
20091,31666,5.3,91913
20093,389,10.4,67301
20095,783,11.3,56907
20097,281,12.1,49588
20099,3027,15.8,44170
20101,157,10.3,60315
20103,6255,8.3,75840
20105,350,12.1,47557
20107,1148,12,62876
20109,274,10,53538
20111,4790,15.1,49840
20113,1991,7.2,65834
20115,1191,10.7,51771
20117,896,9.4,55858
20119,380,9.7,64640
20121,2294,6.8,74428
20123,630,11.1,51979
20125,4807,15.7,44240
20127,582,10.5,54775
20129,292,11.7,56175
20131,872,8.8,63373
20133,2426,15.7,49533
20135,283,10.6,54727
20137,527,11.6,49739
20139,2231,14.2,55655
20141,445,13.5,46351
20143,553,9.9,58729
20145,755,14,65141
20147,565,11,51546
20149,1735,7.2,73685
20151,981,11.2,53980
20153,352,14.2,50768
20155,7882,13.4,53371
20157,553,12.2,47082
20159,1042,11.8,56350
20161,13334,20.9,51996
20163,509,10.5,49485
20165,362,12.2,53189
20167,974,14.4,46112
20169,6514,12.3,56741
20171,372,7.9,62914
20173,64061,12.6,60014
20175,2969,14.2,55727
20177,16817,9.8,59451
20179,294,11.8,54627
20181,725,12.5,54000
20183,407,11.6,45915
20185,559,13.7,51007
20187,206,10.6,63401
20189,524,9.7,61264
20191,2542,11.4,53618
20193,670,9.1,58652
20195,295,10.8,52597
20197,472,6.9,66168
20199,181,12.1,54714
20201,502,9.5,46263
20203,230,11,54009
20205,1110,13.3,46243
20207,440,14.3,43751
20209,33777,20.6,47292
21001,3832,21.4,37650
21003,3543,16.8,47307
21005,2294,10.2,61308
21007,1195,15.5,48053
21009,8697,20.1,44859
21011,2397,19.4,42248
21013,7569,30.3,30940
21015,9435,7.1,78806
21017,2736,14.1,47046
21019,9186,20.6,50017
21021,4119,15.5,53644
21023,1156,14.1,53289
21025,3609,29.2,33407
21027,3675,18.3,46069
21029,6294,7.8,66335
21031,2261,18,46305
21033,1982,15.8,44144
21035,5875,16.5,45574
21037,9833,10.9,66520
21039,725,15.5,49659
21041,1569,15.2,51672
21043,5207,20,43492
21045,3938,25.2,34751
21047,12219,18.9,46390
21049,4627,13,55428
21051,5905,32.6,30175
21053,2353,23.4,34005
21055,1646,19.2,44595
21057,1492,23,34897
21059,15213,15.4,52620
21061,1925,16,47482
21063,1775,27.7,34262
21065,3161,22.7,35004
21067,47657,15.4,58981
21069,3065,21.1,43943
21071,9632,27.4,35828
21073,5680,11.5,58917
21075,1412,25.6,34376
21077,1167,13.3,55273
21079,2741,15.7,51757
21081,3256,13.3,55210
21083,6551,17.9,48038
21085,5175,20.3,43771
21087,2010,18.6,38896
21089,5490,15.9,52179
21091,1055,12.2,60626
21093,11476,10.7,57711
21095,7918,31.1,30050
21097,2845,15.3,51475
21099,3767,20.1,42718
21101,7172,16.3,53199
21103,2337,14.7,51806
21105,703,16.9,52331
21107,7829,18.1,48769
21109,3655,27.8,34940
21111,106552,14.2,59025
21113,5744,11,62533
21115,5575,25.8,31202
21117,18352,11.2,68692
21119,4291,30.5,32613
21121,9538,31.5,31634
21123,2160,15.4,49785
21125,12793,21.4,44033
21127,3546,23.4,38055
21129,2220,34.9,30905
21131,3106,32.3,32202
21133,6158,28.9,32435
21135,3036,23.2,37410
21137,4770,19.7,43220
21139,1110,12.2,50521
21141,4080,15.3,48902
21143,1015,14.5,52978
21145,9947,15.5,48219
21147,5319,34.5,32701
21149,1268,14,51184
21151,15284,17.7,50316
21153,3528,29.4,32045
21155,3148,16.8,48062
21157,3596,11.8,57945
21159,3353,34.4,34291
21161,2619,15.7,47861
21163,3206,11.4,54946
21165,1661,26.1,37457
21167,2990,13.8,55267
21169,2241,22.6,38978
21171,2263,21.7,36512
21173,4373,15.8,52903
21175,2997,26.5,37433
21177,5425,18.8,45049
21179,4773,10.5,64795
21181,1236,17.3,38084
21183,3672,15.6,47542
21185,3070,4.9,101152
21187,1703,15.7,51494
21189,1528,35.5,28727
21191,1791,12.4,58962
21193,6080,24.2,38000
21195,13523,24,36875
21197,2593,21.5,41760
21199,14392,22.5,43568
21201,450,22,47017
21203,3425,21,40790
21205,4976,23.3,44068
21207,3990,22.6,44056
21209,4795,8.6,74719
21211,4449,9.4,71737
21213,2264,12.5,52931
21215,1403,7.3,79863
21217,3997,16.4,48485
21219,2060,17.1,47742
21221,2119,14.6,49955
21223,996,11.9,58998
21225,2455,17.3,49870
21227,19308,15.4,53238
21229,1723,14.4,51286
21231,4736,23.8,34449
21233,2032,16.3,49079
21235,7763,22.6,38191
21237,2108,30.1,32773
21239,2162,8.3,67815
22001,12365,20.3,44728
22003,4610,21.6,47111
22005,12011,9.6,83072
22007,4071,18.8,51763
22009,8980,24.4,38316
22011,5167,14.3,55343
22013,3137,24.4,37198
22015,20339,16.4,54080
22017,56480,24.1,45613
22019,37742,18.9,53050
22021,1818,19.5,44007
22023,949,13.7,60317
22025,2275,26.4,36794
22027,4135,32.5,36497
22029,4873,27.5,36276
22031,4898,18,47347
22033,76011,17.7,56303
22035,2221,38.4,29943
22037,3130,18.7,50041
22039,9115,28.6,35146
22041,4990,25.8,35484
22043,3610,18.6,49544
22045,15059,21.9,47731
22047,5370,18.7,55198
22049,2827,19.2,43232
22051,62709,14.6,55909
22053,5877,19.1,47988
22055,39646,16.6,60053
22057,16755,17.5,54145
22059,2300,16.9,51014
22061,12361,29.5,41608
22063,16700,12,63852
22065,3855,41.1,32229
22067,7449,31,34922
22069,7047,19.6,49536
22071,88917,23.5,45092
22073,35315,23.9,43235
22075,3450,15.1,60795
22077,4312,20,48011
22079,23052,18.3,49687
22081,1970,23.9,39806
22083,4810,25.1,39586
22085,4296,18.4,45486
22087,8967,19.2,45806
22089,5824,11.1,71579
22091,1952,19.6,43376
22093,3455,16.6,57250
22095,6780,16,54944
22097,18256,22.6,39599
22099,9811,18.7,47247
22101,11532,23.8,40918
22103,29707,11.5,71526
22105,28408,21.7,47860
22107,1247,28.9,31436
22109,20691,19,51719
22111,4187,19.4,44617
22113,10017,17,50193
22115,6850,15.3,51652
22117,11062,24.9,35505
22119,10967,29.6,38386
22121,3734,14.4,65344
22123,2177,21,42614
22125,2261,22.1,65296
22127,2852,23.4,43166
23001,10871,10.4,58958
23003,10052,15.5,40675
23005,22333,7.8,75254
23007,3653,12.6,51136
23009,5695,10.6,58926
23011,13605,11.5,55358
23013,4174,10.9,55910
23015,3727,11,58619
23017,7414,13,50344
23019,17894,12.4,50702
23021,2717,16.5,43509
23023,3054,8.6,65841
23025,9059,18.3,45333
23027,5318,13.7,51073
23029,6009,19.6,39068
23031,15990,7.9,66803
24001,10038,16,48170
24003,32641,5.8,100916
24005,71496,8.9,76972
24009,5216,5.7,111056
24011,3990,12.1,60143
24013,8359,5.1,101810
24015,10469,10.3,75307
24017,10268,6.4,102510
24019,5160,16.4,48709
24021,14538,5.7,102951
24023,3644,12.8,59253
24025,16851,6.7,91492
24027,16216,5,121329
24029,2242,12.4,65615
24031,75836,7.3,110012
24033,76853,8.7,85357
24035,2967,6,101350
24037,8494,7.7,89123
24039,4775,23.6,38731
24041,3210,8.7,75714
24043,17545,12.3,59785
24045,15845,16,54351
24047,5103,9.9,65821
24510,115961,20.4,49780
25001,13595,6.5,82686
25003,13321,11.2,58805
25005,62413,11.3,69857
25007,1249,7.3,76036
25009,68255,8.8,83253
25011,6403,9.3,60143
25013,62331,13.8,59918
25015,15342,11.1,74142
25017,108177,6.9,106543
25019,620,5.5,96030
25021,40148,5.8,106851
25023,37885,7.4,90584
25025,126266,16.7,75843
25027,75546,9.4,77795
26001,1846,18,41491
26003,1020,12.6,52285
26005,12648,10.8,66568
26007,3894,13.9,43676
26009,2216,9.6,58317
26011,2528,17.2,44017
26013,984,13.7,48371
26015,4749,7.8,67703
26017,13645,13.4,50130
26019,1685,9.6,56934
26021,23806,15.9,50659
26023,5462,13.2,52255
26025,18085,13.9,50205
26027,7558,14.8,55029
26029,2510,9.7,58831
26031,3716,14.9,47876
26033,5966,18.3,49610
26035,5982,19.6,42480
26037,6164,7.8,72666
26039,1933,14,49114
26041,4844,13.8,48880
26043,2457,9.9,53751
26045,8093,7.5,65891
26047,3029,9.2,59456
26049,66557,16.6,50554
26051,3401,13.5,46458
26053,2325,17.1,39030
26055,6638,7.2,65041
26057,5035,14.3,51046
26059,6771,15.3,50015
26061,4828,14.7,45006
26063,4190,13.7,49126
26065,47655,17.3,54704
26067,6792,11.5,59582
26069,3495,14.2,43605
26071,1473,13.7,46814
26073,14755,22.9,46677
26075,20500,13.7,56001
26077,34247,13.3,56739
26079,2478,13.9,47620
26081,72323,11.2,66560
26083,217,10.3,47318
26085,2342,20.2,38044
26087,8674,10.1,66415
26089,1541,7.1,72888
26091,11037,11.8,55466
26093,8415,4.4,87827
26095,969,19.2,45464
26097,1507,14.1,44986
26099,74273,8.6,65051
26101,2862,12.3,50047
26103,7321,11.8,54913
26105,3992,13.9,49869
26107,7976,19.9,47705
26109,3029,13.5,49189
26111,7920,9.7,69859
26113,1633,10.9,51317
26115,15223,10.2,64341
26117,7559,12.4,52089
26119,1321,14.4,40126
26121,22745,13.5,50730
26123,7576,15.7,51772
26125,96558,7.8,81257
26127,3880,14.8,52319
26129,3768,18.2,41347
26131,755,13.3,45531
26133,3376,14.6,47343
26135,1258,15.4,44594
26137,2429,10,52392
26139,22048,7.8,69827
26141,1344,10.8,47339
26143,3636,15.3,42546
26145,34239,18.6,48471
26147,16375,10.4,60208
26149,7779,12.9,54024
26151,5528,13.6,49917
26153,1138,14.3,50256
26155,7344,10.9,55633
26157,5948,11.6,52342
26159,9697,13,58733
26161,44991,13,76728
26163,341821,19.8,50753
26165,4118,12.4,53146
27001,1947,12.5,51936
27003,21793,6.2,83363
27005,3447,10.2,61311
27007,7357,16.3,54638
27009,3465,8.6,63395
27011,533,11,52692
27013,9729,15.2,60408
27015,1763,7.4,62904
27017,3114,9.1,65749
27019,4492,4.3,101891
27021,3359,11.4,54267
27023,1210,10.4,54984
27025,3403,6.2,84811
27027,7283,11.9,64874
27029,1002,11.5,54896
27031,484,8.9,58664
27033,1182,10.8,53725
27035,6749,10.5,60384
27037,26714,6.3,89075
27039,1159,5.6,86436
27041,2375,6.3,67592
27043,1615,12.2,54193
27045,1940,9.4,62716
27047,2858,9.6,56716
27049,3248,7.1,71497
27051,519,8.8,55247
27053,120032,9.7,82323
27055,1430,7.8,64920
27057,2386,11.2,56064
27059,2761,6.9,77963
27061,4946,11.2,58660
27063,953,9.8,57915
27065,1632,10.1,63595
27067,4136,9.8,64129
27069,386,9.2,62762
27071,1559,13,52545
27073,614,9.5,56825
27075,945,9,61082
27077,337,9.2,56244
27079,2027,7.1,75519
27081,556,10.1,55328
27083,2609,10.6,63849
27085,2224,6.3,64380
27087,1158,21.3,46702
27089,691,7.5,59793
27091,2041,10.5,54602
27093,1807,7.9,63812
27095,2914,11.4,59262
27097,2944,8.9,61847
27099,4539,11.5,55276
27101,682,8.5,61007
27103,3146,9.9,71067
27105,2334,11,57300
27107,647,10.4,53961
27109,10482,6.7,80631
27111,6331,11,59901
27113,1342,9.8,55870
27115,3219,11.6,55684
27117,986,11.1,55405
27119,3266,10.8,60582
27121,982,8.9,59442
27123,66340,12.4,68652
27125,397,9.9,58384
27127,1433,9.7,60097
27129,1418,10,59110
27131,4919,8.2,72438
27133,785,8.7,63451
27135,902,6,62924
27137,24428,12.8,60228
27139,6157,4.2,108718
27141,5170,5.5,95323
27143,1574,10.7,66757
27145,17305,11.2,66449
27147,2262,6.3,68603
27149,1061,11.9,59045
27151,864,9.5,60127
27153,2874,11.8,51746
27155,374,11.9,57602
27157,1803,8.4,63435
27159,1658,12.5,50663
27161,1569,8.9,63907
27163,11924,4.6,100857
27165,1081,10.1,57290
27167,551,9.1,69890
27169,5165,11,64219
27171,7079,5.2,91374
27173,910,9.6,61074
28001,7891,27.9,34583
28003,6251,17.3,43496
28005,2537,20.9,41575
28007,4290,24.1,36905
28009,1685,20.7,37875
28011,10665,36.6,30309
28013,2428,17.2,38648
28015,1641,17.2,44885
28017,3755,22.7,37533
28019,1693,20.9,41146
28021,2875,37.5,31221
28023,3573,23.2,42826
28025,5635,29.7,33653
28027,8210,38.2,30242
28029,6082,22.1,42299
28031,3897,21.3,42076
28033,17313,9.4,67450
28035,16776,23.3,40224
28037,1496,19.6,41420
28039,3961,16.6,51858
28041,2389,21.8,48641
28043,4162,20.3,40561
28045,7869,16.7,50401
28047,35341,17.5,49619
28049,44973,20.1,44773
28051,5447,33.8,26348
28053,2949,37.1,28464
28055,353,35.8,30944
28057,2868,12.8,49214
28059,21371,15.1,53414
28061,3333,20.5,40923
28063,1910,28.9,30871
28065,2676,24.3,32077
28067,15816,23.8,41733
28069,2430,28,33472
28071,8642,17.5,54034
28073,10059,16,62606
28075,15208,21.5,41604
28077,2466,19.7,43668
28079,5007,23.8,41007
28081,12271,14.6,50803
28083,9631,35.7,29687
28085,6564,19.6,45062
28087,9836,17.2,49251
28089,10541,10.1,70824
28091,5661,23.8,38402
28093,6777,20.3,43107
28095,6211,17.9,42464
28097,2285,23.7,38475
28099,6228,21.7,41795
28101,4163,20.3,42962
28103,2989,29.2,32916
28105,14067,31.1,41631
28107,7738,22.8,40655
28109,9767,18.1,45874
28111,2358,19.9,43106
28113,10040,26.2,35044
28115,5041,15.9,48910
28117,3814,15.7,43465
28119,2322,35,29318
28121,16526,11.1,67284
28123,5485,19.7,41532
28125,1415,33.4,31138
28127,4656,17.8,47664
28129,2988,18.9,46296
28131,3144,18.5,47187
28133,7156,34,32948
28135,4304,37.9,31915
28137,4114,15.1,50188
28139,3500,16.2,44696
28141,3242,17,43341
28143,2666,28.1,33993
28145,3694,13,49320
28147,3063,21.7,35465
28149,9016,20.1,46606
28151,14550,33.7,31018
28153,4447,22.2,39036
28155,1631,17,46110
28157,2340,31.2,32612
28159,4441,25.4,37596
28161,2906,24.4,40515
28163,8253,36.4,34817
29001,4308,19.2,43044
29003,1559,8.9,62823
29005,648,12.9,50516
29007,3797,16.3,45609
29009,6569,18.6,47155
29011,1737,15,46397
29013,2674,16.9,48442
29015,3208,16.7,42144
29017,1734,14.5,45868
29019,29399,17.2,58029
29021,13094,15.8,49216
29023,9362,22.5,41327
29025,1197,13.6,52872
29027,4735,11.6,58720
29029,6149,13.5,51460
29031,10909,14.6,57618
29033,1183,13.8,50628
29035,1176,19.8,36383
29037,8226,7.9,73882
29039,2529,17.9,38427
29041,901,12.5,50589
29043,9091,10.4,63400
29045,943,14.2,46001
29047,22470,9.1,70705
29049,1968,9.9,64541
29051,7628,10.6,61847
29053,1896,11.8,56957
29055,3656,15.6,48315
29057,1180,15.9,42421
29059,2954,17.8,42389
29061,1425,17.6,48197
29063,1329,14.6,53997
29065,2917,19,45540
29067,2434,18.7,39773
29069,7569,26.7,38880
29071,9546,9.3,61428
29073,1671,11.6,53751
29075,740,11.5,53663
29077,40634,14.4,45313
29079,1774,18.7,44323
29081,1266,15.4,43016
29083,3729,17.3,46995
29085,1712,18.2,32934
29087,508,11.8,47429
29089,1205,13,49923
29091,8213,20.8,40177
29093,2046,20.8,39292
29095,94823,13.7,57907
29097,22258,18.8,46021
29099,18767,8.4,68779
29101,5724,11.4,58396
29103,645,16.7,41755
29105,5544,15.8,43969
29107,3430,10.7,62264
29109,6046,16.1,45746
29111,1503,16.6,40782
29113,5456,9.4,69178
29115,2207,18.9,45774
29117,1984,15,49065
29119,4173,18.5,39615
29121,1842,12.5,45717
29123,1982,16.7,43919
29125,1229,14.3,49712
29127,3776,13.9,50803
29129,453,12.7,44343
29131,3818,15.1,49252
29133,3130,27.7,36802
29135,1617,11,57321
29137,1143,13.4,48399
29139,1482,13.3,50282
29141,3594,17.8,44473
29143,3758,22.5,42115
29145,7511,13.2,53251
29147,3302,17.8,47419
29149,2132,20.6,35356
29151,1199,9.1,60728
29153,2056,22.7,36019
29155,4178,26.9,34280
29157,1710,9.1,57032
29159,5349,12.9,48516
29161,7069,17,46573
29163,2802,17.6,49089
29165,5451,5.3,84456
29167,6005,19.6,44837
29169,6185,14.6,55620
29171,725,15.7,42434
29173,1026,10,63419
29175,3710,16.5,48043
29177,2076,9.2,61678
29179,1333,21.7,37415
29181,2581,19.7,35788
29183,18379,4.6,89236
29185,1771,19.3,39319
29186,1698,9.7,61662
29187,10201,17,43886
29189,90474,9.3,70161
29195,3357,15.7,47324
29197,953,20.8,43183
29199,688,14.4,46871
29201,6730,17.9,44924
29203,1827,22.6,36477
29205,906,15.8,45939
29207,5249,18.4,42363
29209,4873,15.4,50262
29211,935,15.6,43421
29213,6818,12.6,49314
29215,4923,21,38914
29217,3367,17.1,46182
29219,3521,10,63726
29221,5269,22.4,41198
29223,2620,20.6,35397
29225,6236,16.2,54844
29227,292,14.9,45023
29229,3534,19.6,39384
29510,59238,20.4,46309
30001,1302,14.5,49771
30003,3430,26.1,43718
30005,1401,21.3,44090
30007,556,9,60622
30009,1078,10.1,57585
30011,175,14.2,49057
30013,11259,14.2,51732
30015,857,15.4,48017
30017,1427,13,49379
30019,180,11,50001
30021,955,11.8,56677
30023,1350,15.9,41780
30025,272,9.7,65651
30027,1418,13.2,48703
30029,9689,9.4,61334
30031,11486,10.3,73731
30033,206,16.4,43106
30035,3449,25.7,41808
30037,155,19.7,40469
30039,417,12.5,49646
30041,2517,15.7,51881
30043,967,8,70929
30045,290,14.5,49401
30047,5181,17.2,49019
30049,6393,9.4,66075
30051,425,19,41240
30053,3440,17.4,43669
30055,238,14.5,48551
30057,823,9.7,56579
30059,282,15.7,43946
30061,681,15.6,43928
30063,13748,11.8,57279
30065,758,16.5,48290
30067,1940,11.8,51740
30069,72,14.8,42081
30071,557,14.3,47679
30073,995,17.5,48542
30075,227,13.8,47843
30077,846,16.3,49387
30079,138,13.1,46663
30081,4859,11.2,57209
30083,945,8.8,69095
30085,2617,24.3,38409
30087,1437,16.3,58139
30089,1994,16.7,45193
30091,399,12.3,51111
30093,5175,15.3,49249
30095,887,9.3,68186
30097,380,10.3,55259
30099,799,13.5,54458
30101,650,15.8,49448
30103,85,12.2,51754
30105,932,12.8,51869
30107,377,18.3,42059
30109,106,11.3,51145
30111,17752,11.3,61435
31001,3181,10.6,55182
31003,761,12.2,50771
31005,63,13.6,46417
31007,84,11.3,54706
31009,74,15.9,45411
31011,509,10,58204
31013,1096,10.3,61522
31015,263,14.1,46548
31017,337,11.6,48843
31019,5480,11.6,64759
31021,636,10.1,54554
31023,644,8.2,63310
31025,1361,5.3,72915
31027,707,8.6,60400
31029,348,9.1,57656
31031,601,10.7,50677
31033,884,10.1,56229
31035,647,10.6,63829
31037,868,8.2,62472
31039,774,8.9,59505
31041,1252,11.8,51004
31043,2083,10.6,61010
31045,1280,16.4,46377
31047,2762,11.9,56839
31049,201,11.2,48793
31051,480,8.7,57324
31053,3349,9.5,60853
31055,57105,10.2,67264
31057,223,13.4,45446
31059,448,8.5,60440
31061,421,14.3,49659
31063,321,12.9,55712
31065,557,12.2,50705
31067,2363,11.2,56817
31069,272,15,41158
31071,231,12.1,52707
31073,172,8.9,64870
31075,60,9.6,60773
31077,286,12.5,48178
31079,6123,10.2,57371
31081,593,6.5,68236
31083,366,11,53362
31085,138,15,46399
31087,309,11.3,49451
31089,1098,11.1,54474
31091,54,8.2,50093
31093,641,10.1,56881
31095,655,9.5,56740
31097,448,11.2,54567
31099,488,7.7,64461
31101,885,11.1,51478
31103,152,18.9,46010
31105,433,12.2,52284
31107,986,12.2,53676
31109,32535,10.7,61383
31111,3682,10.8,60924
31113,66,8.9,53108
31115,100,15.2,51559
31117,62,12.6,52033
31119,3446,10.2,58275
31121,832,11,53411
31123,598,13.2,49982
31125,351,10.3,55853
31127,768,11.8,55343
31129,458,11.2,48624
31131,1304,8.3,66293
31133,334,13.1,47006
31135,269,9.5,63443
31137,873,10,61420
31139,655,9.3,67465
31141,2960,9,62804
31143,354,6.9,66462
31145,1231,12,50260
31147,946,12.3,50207
31149,184,13.9,53905
31151,1212,9.2,59937
31153,10930,5.9,84016
31155,1462,6.9,71086
31157,4494,13,50263
31159,1138,7.2,72291
31161,738,14.5,46159
31163,362,12.4,48735
31165,185,15.9,47983
31167,410,7,62045
31169,527,10.8,52439
31171,100,13.9,51401
31173,1769,24.9,48891
31175,425,10.4,47981
31177,1386,6.8,75197
31179,987,11.8,57655
31181,414,12.3,49518
31183,96,12.3,50207
31185,1205,9.4,59749
32001,2871,11.7,56335
32003,296767,13.3,62131
32005,3930,8.1,76296
32007,5714,11,83287
32009,120,13.8,50675
32011,201,9.9,71541
32013,1829,11,73106
32015,602,10.9,81239
32017,674,13.8,58782
32019,5831,10.2,59406
32021,708,15.9,43771
32023,7317,16.1,48490
32027,864,17.6,58562
32029,290,7,88003
32031,49598,10.7,71733
32033,1126,13.7,60086
32510,6458,12.2,58126
33001,5139,8.6,68752
33003,4370,9,64495
33005,6977,9.7,65326
33007,4062,13.9,49156
33009,7601,9.2,62468
33011,30494,7.5,82862
33013,9194,6.4,75800
33015,15522,5.1,91416
33017,10645,8.8,71486
33019,4305,10.1,63518
34001,29057,11.3,62678
34003,52980,5.7,107971
34005,24961,5.7,88443
34007,53641,10.7,73168
34009,8853,9.8,66565
34011,19261,13.8,54179
34013,107745,13.8,64522
34015,21602,7.5,87996
34017,90976,13.7,77738
34019,4794,4,117275
34021,41600,11.9,79475
34023,68514,8.5,92770
34025,37725,6.2,102579
34027,25678,5.3,116328
34029,53950,9,75627
34031,65342,13.3,76039
34033,7000,11.4,68146
34035,17409,5.4,112722
34037,7180,5.2,100281
34039,50094,9.1,79953
34041,7313,7.1,83998
35001,103458,15.5,56148
35003,723,20.6,37190
35005,11376,18.1,43687
35006,6137,25.5,40436
35007,1961,17,42754
35009,8868,18.7,45623
35011,323,18.6,34746
35013,50726,23.8,43618
35015,6474,11.2,63671
35017,4772,18.1,43175
35019,874,23.5,36554
35021,96,15.4,38162
35023,942,22.9,37322
35025,10399,15.1,63012
35027,2657,13.7,47254
35028,683,3.5,122001
35029,5488,23.8,32544
35031,21294,30.1,36404
35033,956,21.2,36968
35035,13054,20.1,43135
35037,1781,21.7,34596
35039,8542,22.2,44579
35041,3257,18.8,44928
35043,14627,10,71118
35045,24358,19.9,46201
35047,6239,23.8,36986
35049,18378,12.4,61791
35051,2899,27.6,33661
35053,4171,26,39582
35055,5922,18.2,43032
35057,3198,21.6,39532
35059,684,20.3,38221
35061,13210,17.6,54867
36001,33970,11.7,69408
36003,7491,17.9,49411
36005,361834,26.2,41470
36007,31962,17.8,52179
36009,10821,14.7,50783
36011,10058,13.8,58055
36013,19896,16.3,50143
36015,11221,14.1,58400
36017,6368,13.7,51894
36019,10950,14.8,59069
36021,5883,10.1,71563
36023,7542,17.3,55143
36025,5290,12.6,51038
36027,23693,8.6,84564
36029,118386,13.3,60620
36031,4338,12.4,55091
36033,8017,18.1,48943
36035,8533,16.4,50061
36037,5825,10.5,62570
36039,5589,12.6,54746
36041,433,9.8,60148
36043,8235,13.7,55778
36045,15168,14.6,53829
36047,446923,17.7,66501
36049,3208,12.4,56599
36051,7916,13.8,60268
36053,6488,9.8,61713
36055,90791,12.7,62159
36057,7652,15.9,52092
36059,74435,5.6,117767
36061,222672,14.1,93007
36063,25407,12.4,56371
36065,31586,14.6,56516
36067,61412,13.8,61597
36069,8645,8.1,66754
36071,46013,12.3,83188
36073,5020,13.2,53115
36075,17530,15.6,57640
36077,8809,16.2,52414
36079,5016,5.2,105600
36081,245941,11,72975
36083,17506,11.5,70688
36085,42807,9.1,86624
36087,40031,12.5,99831
36089,18348,18.9,51742
36091,13482,6,89071
36093,18363,12.1,64960
36095,3600,12.1,58927
36097,2763,15.7,52215
36099,4302,13.7,51064
36101,14089,15,53167
36103,97920,6.8,105241
36105,11745,16.1,58851
36107,4485,9.4,60699
36109,15079,16.9,59176
36111,20451,12,64090
36113,6399,10.1,63240
36115,6917,11.9,56897
36117,10093,11.4,61989
36119,79545,8.4,101741
36121,3598,9.9,58214
36123,3271,13.9,60612
37001,23890,14.6,57963
37003,4193,11.7,54960
37005,1862,16.9,41420
37007,4861,21.4,40826
37009,3946,14.6,41542
37011,2481,16.4,45823
37013,8164,17.6,49410
37015,4256,24.2,37899
37017,6876,21.2,42260
37019,14423,10.2,63712
37021,31045,12.2,55448
37023,16123,18.4,47890
37025,16932,7.9,72071
37027,9728,12,48512
37029,819,7.6,69610
37031,7102,10.4,60058
37033,3438,16.2,51240
37035,20898,13.3,53688
37037,6400,8.7,70258
37039,4997,17.7,42764
37041,2528,18.5,47126
37043,1554,14,47116
37045,18230,19,46012
37047,11654,22.3,39531
37049,13385,13.8,53372
37051,57342,18,46599
37053,2419,8.8,70699
37055,3284,8.9,63033
37057,25099,15.2,53924
37059,4632,10.9,63828
37061,10288,17.7,44929
37063,43009,14,65541
37065,10625,21,40784
37067,56484,15.2,53054
37069,7908,11.6,57371
37071,25710,11.6,56542
37073,1680,14.7,54204
37075,1391,16.8,45813
37077,8313,14.6,54300
37079,3715,20.2,44648
37081,83004,16,55820
37083,11533,23.8,38727
37085,20597,15.6,55619
37087,6536,10.6,51612
37089,12349,10.6,61651
37091,4829,23,42374
37093,9149,16.9,48420
37095,853,19.2,43112
37097,14812,8.2,68308
37099,7661,19.3,47759
37101,25901,12.5,62835
37103,1747,18.8,46275
37105,8634,14.2,53114
37107,12750,23.1,39947
37109,7682,9,70479
37111,6048,13.6,46370
37113,5093,14.3,46279
37115,3020,14.6,50062
37117,4589,20.6,39413
37119,112863,10.3,69455
37121,2180,14.8,47675
37123,4218,16.1,46497
37125,11254,11.3,63942
37127,15065,16.4,50902
37129,29519,13,57252
37131,4042,21.6,39777
37133,22029,12.5,50645
37135,18446,13.4,74314
37137,1899,15.9,52522
37139,5386,14.3,51245
37141,7117,11.5,60405
37143,2007,15,50804
37145,5998,15.4,54553
37147,33512,19.2,52961
37149,2476,12.1,53405
37151,19996,14.1,50129
37153,11234,25.8,40518
37155,39748,31.5,36366
37157,16504,18.4,44686
37159,19063,13.9,52051
37161,12158,18.5,44547
37163,10471,16.8,45997
37165,9168,28.5,39197
37167,6470,10.7,58303
37169,5844,13,52356
37171,11338,16,48637
37173,2253,16.1,46075
37175,4388,13.1,55628
37177,861,25.4,37680
37179,17281,7.3,86138
37181,8143,18.5,40450
37183,87375,8,84377
37185,4083,21.7,37027
37187,2438,21.3,40157
37189,10793,21.4,51630
37191,22456,18.6,45634
37193,10228,15.2,45250
37195,17258,21.5,42414
37197,5189,13.9,50929
37199,2537,14.2,47664
38001,232,10.7,55880
38003,977,9.9,60689
38005,1578,23.3,45709
38007,90,9.7,69528
38009,586,9.7,62904
38011,238,8,65411
38013,185,8.8,67545
38015,6304,6.9,73565
38017,20189,11.4,63977
38019,336,9.1,63484
38021,494,10.6,57490
38023,239,10.8,61506
38025,428,9.8,75723
38027,222,10,54465
38029,434,13.7,53073
38031,276,8.8,54917
38033,206,12.1,58370
38035,8769,13.2,57388
38037,337,14.9,41841
38039,207,9.5,56527
38041,290,12.5,54600
38043,348,14.1,50570
38045,485,12.2,56059
38047,237,13.2,51496
38049,685,12.1,59661
38051,335,13.9,47349
38053,1107,7.4,86890
38055,876,9.4,67453
38057,624,7.7,83341
38059,2416,7.9,68051
38061,1000,9.5,69040
38063,315,11.2,56098
38065,207,10.6,72919
38067,583,8.8,59970
38069,434,11.6,56753
38071,1361,12.3,60710
38073,438,8.7,66422
38075,202,8.9,84986
38077,1904,12.4,62837
38079,3632,25.9,45296
38081,290,7.5,67551
38083,219,16.7,58725
38085,1333,32.1,37133
38087,101,13.5,52695
38089,2622,8.5,68759
38091,139,7.4,67661
38093,2064,10.8,60297
38095,231,10.7,53024
38097,618,8,69443
38099,1221,11.7,59153
38101,5859,9,68634
38103,464,12.4,56167
38105,2366,6.4,84606
39001,5200,19.1,43145
39003,12452,12.9,58271
39005,6407,12.6,52554
39007,17508,18.7,47388
39009,14839,26.6,43621
39011,3297,7.3,64227
39013,7355,11.6,50166
39015,5162,12.1,58441
39017,43439,11.7,68611
39019,2992,11.3,56999
39021,2941,7.7,62077
39023,18960,14.6,50832
39025,16710,8.2,68724
39027,6041,14.8,52870
39029,12955,13.2,52693
39031,4517,12.5,49679
39033,6000,14.7,49484
39035,195758,16.2,52503
39037,6115,12.1,56824
39039,3264,8.8,60918
39041,9863,4.8,110252
39043,8414,11.6,60790
39045,12549,8.1,71782
39047,3777,13.6,51023
39049,172890,13.5,64648
39051,2889,6.9,64334
39053,4790,16.5,48094
39055,5083,5.5,79865
39057,15932,9.9,69709
39059,5946,15.5,48283
39061,116077,14.6,60251
39063,6877,9.3,62720
39065,4078,13.9,51155
39067,2133,14.5,50137
39069,2000,7.5,61351
39071,6643,15.6,47126
39073,4177,15,51016
39075,3952,9.2,62596
39077,5719,10,56704
39079,5491,17.2,50671
39081,10733,17.1,47652
39083,6664,11.3,59957
39085,18914,8.3,65040
39087,9482,16.2,46433
39089,16038,9.3,66321
39091,4751,10.5,60624
39093,41735,13.9,59201
39095,75402,18,49924
39097,3808,9.6,65696
39099,40346,18.4,48018
39101,8736,14.8,51479
39103,9739,5.5,78540
39105,3570,15.8,43754
39107,2710,6.7,67075
39109,9324,8.8,63524
39111,1881,14,48231
39113,78917,15.3,54704
39115,2236,15.7,46883
39117,2967,8.5,59498
39119,12866,15.3,52105
39121,1657,14.2,50788
39123,3215,8.1,63352
39125,1816,9.8,58100
39127,5333,15,51875
39129,6177,11.5,63931
39131,5191,19.1,46255
39133,18371,11.9,57439
39135,3602,8.9,62128
39137,2397,7.2,73454
39139,15313,13.5,51883
39141,10803,15.2,54728
39143,5489,9.6,58415
39145,15739,21.9,45410
39147,6338,12.1,55664
39149,4374,9.1,64304
39151,46938,13,55623
39153,75226,14.2,57753
39155,29809,15.4,47966
39157,10162,11.2,54150
39159,3033,5.4,91597
39161,2359,8.5,55361
39163,2417,18.7,46301
39165,10308,4.5,91645
39167,6395,11,52565
39169,11062,9.9,58747
39171,3324,9.3,54239
39173,13819,11.2,64723
39175,1609,7.5,61733
40001,5192,23.6,39589
40003,735,15.8,57497
40005,2493,19.2,41872
40007,557,10.6,55397
40009,4131,20.8,50512
40011,1387,14.9,50574
40013,8070,17.3,44074
40015,5502,20.6,45755
40017,11747,8.1,75111
40019,6760,14.3,51895
40021,10049,21.4,45544
40023,3247,22.5,37131
40025,379,17.8,47602
40027,31942,11.7,64706
40029,978,18.1,41273
40031,19406,17.6,51184
40033,1042,18.6,46450
40035,2434,18.2,42978
40037,9655,13.7,54737
40039,4327,15.8,51803
40041,7437,17.5,44602
40043,553,11.6,56316
40045,494,13,54013
40047,7520,12.7,58381
40049,4267,15.6,46786
40051,6604,12.1,63647
40053,474,11.2,60303
40055,1102,24.1,38641
40057,604,23.7,37988
40059,403,11.1,40265
40061,2525,20.2,41643
40063,2511,21.4,37631
40065,4113,17.3,48430
40067,1218,20.8,39785
40069,2261,21,41805
40071,6812,16.1,48522
40073,1389,8.9,68839
40075,1864,21.9,39788
40077,1753,18.5,42014
40079,9848,20.5,42378
40081,4799,13.9,51012
40083,5729,12.4,66625
40085,1356,13.4,51481
40087,2869,7.1,75009
40089,7079,21.9,40803
40091,3801,19.7,40614
40093,1005,13.4,59690
40095,3030,18.2,45005
40097,7166,17.7,49293
40099,2049,14.9,50965
40101,14622,22.7,43392
40103,1346,12.3,56307
40105,1484,15,47456
40107,3010,27.4,39265
40109,116741,14.9,56272
40111,6916,18.7,41725
40113,6758,14.9,50667
40115,5569,18.5,41530
40117,2449,15.2,47646
40119,16969,23,43025
40121,8136,19.7,47215
40123,5087,13.9,49510
40125,10272,14.8,52747
40127,2613,23.9,37718
40129,478,13.4,59286
40131,9458,10.4,67054
40133,5192,22,40725
40135,8864,21.6,43038
40137,6272,14.8,47826
40139,2844,14.7,56014
40141,1420,20.4,41251
40143,91457,14.3,57668
40145,6639,8.2,65191
40147,6540,12.9,62515
40149,1343,12.6,50823
40151,1179,15.2,40684
40153,2306,12.2,73253
41001,2139,13.6,48530
41003,14418,16.5,69148
41005,29818,7.2,80539
41007,4779,12,59339
41009,4444,8.6,72285
41011,9867,15.6,49504
41013,2627,10.9,58739
41015,3054,13.4,51267
41017,18047,9.2,71880
41019,12949,11.8,48940
41021,204,10.9,61205
41023,1088,15.3,49792
41025,1031,14.2,39874
41027,1943,8.4,68835
41029,29613,13.6,56367
41031,3546,15,52543
41033,13663,15.9,47533
41035,11225,16.7,53030
41037,1259,17,47867
41039,52146,13.9,57212
41041,7208,14.6,52276
41043,16161,12.6,61084
41045,5732,21,42019
41047,41154,12.2,64058
41049,1465,12.7,59781
41051,95902,12,72469
41053,7949,9.4,69757
41055,222,12.5,60035
41057,3182,12,52298
41059,10260,13.9,58286
41061,3513,13.6,54264
41063,875,12.3,52106
41065,3174,12.2,56993
41067,48575,8.2,85665
41069,231,17.7,42747
41071,10838,10.6,71815
42001,7548,7.6,67706
42003,127238,10.8,64799
42005,7076,11.1,56259
42007,18879,11.7,60323
42009,4928,10.4,54251
42011,41916,10.2,67418
42013,17657,14.9,51004
42015,8527,14.3,51356
42017,35075,5.7,93587
42019,14280,7.8,72576
42021,18583,14.9,48798
42023,613,14,43704
42025,6198,9.8,59985
42027,22610,15.9,61036
42029,30184,5.9,102233
42031,5162,14.1,49173
42033,10064,13.7,46967
42035,4898,13.4,50777
42037,8996,14.7,54377
42039,10129,12.6,49741
42041,17269,7.2,75269
42043,30942,11.3,60763
42045,54091,9.9,76783
42047,2902,9.8,55462
42049,42666,16.6,51923
42051,21995,17.5,48055
42053,1196,26,41267
42055,12313,8.1,62699
42057,1749,12.2,56357
42059,4708,14.2,56599
42061,5212,13,54323
42063,11048,14,51299
42065,6962,16.4,50789
42067,2538,10.4,57837
42069,28812,14.2,53655
42071,55968,10.5,67515
42073,10271,12.3,50979
42075,14381,10.4,61560
42077,41397,11.5,65436
42079,46326,15.2,53439
42081,14642,13.6,53762
42083,5487,14.6,53266
42085,13469,13.1,54099
42087,6036,13.3,50571
42089,20201,12.2,63012
42091,48819,6,92340
42093,1598,9.1,65534
42095,23228,7.9,73780
42097,11561,13.3,47967
42099,4066,8.9,65401
42101,352748,23,47598
42103,5054,9.2,66595
42105,1904,11.7,49054
42107,15767,11.7,55951
42109,3881,10.3,56873
42111,8552,12.5,49082
42113,762,12.9,51718
42115,4507,11.3,60235
42117,5254,13.4,51324
42119,4334,12,61306
42121,6213,12.5,53619
42123,5153,13.5,52592
42125,19860,9.9,65558
42127,5867,12.4,56265
42129,35870,10.5,59407
42131,2573,9.9,60419
42133,40477,9.2,69101
44001,3110,6.8,87926
44003,13152,8.1,74230
44005,6666,8.5,80862
44007,85644,14,62165
44009,9524,8,86450
45001,3508,14.8,46499
45003,21071,12.5,56824
45005,2313,30.2,32147
45007,25717,12.9,54496
45009,3226,24.2,35364
45011,5115,24.9,36675
45013,18979,10.2,73890
45015,23953,10.7,68690
45017,2613,18.2,47090
45019,46853,11.7,70980
45021,8951,16,46905
45023,5651,17.7,45400
45025,8937,19.9,42441
45027,8053,25.1,39900
45029,7823,21,40808
45031,12767,19.6,44007
45033,8022,26.8,35483
45035,14871,9.3,68051
45037,3839,15.7,52591
45039,4198,19.1,42496
45041,22950,17,49770
45043,10842,17.5,53747
45045,54815,10.7,64399
45047,12277,18,43958
45049,4136,23.2,37560
45051,44197,12.7,53648
45053,4941,17.2,50790
45055,9088,13.8,56318
45057,11258,11.8,63842
45059,12447,19.1,47038
45061,3890,25.4,37710
45063,35210,11.9,62059
45065,1533,18.1,48645
45067,7562,24.9,35138
45069,6750,28.9,34532
45071,5198,14,50773
45073,10268,13.1,52240
45075,21821,26.3,38736
45077,18055,15.3,52949
45079,62567,16.2,52905
45081,3247,16.1,49493
45083,40129,12.9,55588
45085,18444,17.8,49611
45087,5347,19.9,42851
45089,8148,27.8,34409
45091,23679,8.6,68468
46003,271,10.2,56360
46005,2317,12.9,51844
46007,1051,31.6,36345
46009,767,14.1,52660
46011,3767,11.9,59036
46013,3526,9.4,61447
46015,654,12.6,65008
46017,775,39.8,26671
46019,1326,12.9,50105
46021,143,10.5,56043
46023,1873,21.2,51340
46025,421,12.1,54158
46027,2264,19,51039
46029,2691,9.7,63442
46031,1640,40.3,32848
46033,834,9.6,63665
46035,2227,11.7,57367
46037,698,13.2,51516
46039,372,8.7,65217
46041,1615,27.6,47640
46043,312,11.2,56030
46045,388,10.7,59905
46047,901,13.9,49965
46049,329,15.7,49198
46051,640,9.1,60057
46053,637,15.5,42868
46055,212,11.4,50747
46057,531,8.9,60864
46059,322,10.3,56239
46061,260,7.9,78478
46063,151,11.9,55482
46065,1491,8.9,66952
46067,708,10.5,59336
46069,145,11.5,63454
46071,988,29.9,37879
46073,310,16.3,52162
46075,116,12.9,52650
46077,409,8.5,61992
46079,1150,9.5,63946
46081,3105,12.4,53902
46083,2312,3.8,86235
46085,786,21.1,47813
46087,493,9.2,62535
46089,428,19.5,43243
46091,557,11.8,59103
46093,2400,8.7,59981
46095,668,33.3,36489
46097,227,10.5,52230
46099,16209,8.7,63162
46101,564,8.7,61029
46102,5653,40.1,34078
46103,13383,12,58919
46105,409,14.5,49999
46107,217,10.4,58012
46109,1993,19.6,49088
46111,282,12.6,56507
46115,698,11.5,54666
46117,238,7.7,70472
46119,114,8.2,61791
46121,4388,43.4,34015
46123,995,18.8,50503
46125,827,10.1,63852
46127,999,6.3,83910
46129,796,15.1,51472
46135,2088,10.1,60868
46137,1310,47.7,33508
47001,11559,15.3,50973
47003,6825,13.9,50539
47005,2792,17.6,42322
47007,3366,27.3,42730
47009,13649,10.5,59368
47011,15228,14.5,52534
47013,8565,21.9,42500
47015,1875,13,52960
47017,4456,16.8,43258
47019,10664,19.3,39964
47021,3849,9.6,62786
47023,2374,14.8,50769
47025,6021,19.7,40116
47027,1514,20.1,36694
47029,8117,22.8,40528
47031,8000,14.4,54931
47033,2213,15.8,45642
47035,7929,13.3,49142
47037,84547,12.6,63846
47039,1827,16,45215
47041,3624,18,46407
47043,5353,10.1,59126
47045,6298,17.3,48770
47047,4527,11.2,67345
47049,3799,20.9,38608
47051,5557,13.9,54319
47053,6834,14.3,46384
47055,3834,13.4,50847
47057,3939,17.1,44929
47059,10706,15.9,44975
47061,2810,21.4,38447
47063,9165,14.4,46842
47065,45523,12.7,57802
47067,1701,26.4,31938
47069,4070,19.2,40989
47071,4413,17.5,44510
47073,10113,18.1,46602
47075,3524,20.7,38950
47077,4370,15.8,46826
47079,5795,18.3,43159
47081,3830,16.3,46176
47083,1427,17.8,40915
47085,2388,13.1,52121
47087,1977,17.1,41749
47089,6622,12.5,50332
47091,4045,25.2,40219
47093,61334,13.4,60316
47095,1705,35.5,34059
47097,4503,19.3,43545
47099,7250,16.7,43448
47101,1827,15.2,45874
47103,4343,12.8,54558
47105,5182,9.7,65226
47107,7620,14.5,49836
47109,4287,17,45469
47111,3733,15.5,44334
47113,16421,17.6,50401
47115,4374,15.3,47675
47117,4431,13.1,58151
47119,8059,8.5,66434
47121,1972,16.1,48334
47123,7571,16.5,50506
47125,24633,12,57606
47127,638,10,61804
47129,4185,22,43952
47131,4317,14.6,44061
47133,3744,17.1,43636
47135,1143,14.4,42939
47137,881,17.8,41860
47139,2518,15.3,45922
47141,12434,16.1,49083
47143,4953,15.4,47599
47145,7687,14.6,50561
47147,7424,10.5,65790
47149,32610,10,69614
47151,4770,22,38750
47153,2569,17.4,46876
47155,12541,12.9,54476
47157,157667,17.2,52659
47159,3042,15.3,54570
47161,1740,12.9,52177
47163,23452,15.1,51303
47165,16330,8.6,69391
47167,6316,10.5,61436
47169,1367,15.8,51982
47171,2762,15.8,44548
47173,3601,18.3,48106
47175,887,15.5,44451
47177,6449,15.9,46144
47179,19811,15.8,51879
47181,2495,17.3,45091
47183,5604,17.7,42506
47185,4289,16,43583
47187,10228,4.3,119637
47189,10536,7.4,80080
48001,8702,19.8,48461
48003,1888,10.2,74918
48005,13131,15.6,51750
48007,4313,18.7,53085
48009,877,10.3,63731
48011,194,10.6,64424
48013,7434,14.7,57309
48015,3312,11.1,68311
48017,1093,15.9,46174
48019,2947,12.9,59604
48021,12091,14,62627
48023,546,15.9,41539
48025,5938,24,44171
48027,48565,13.8,54831
48029,298018,15.2,58956
48031,1022,8.6,68404
48033,69,10.6,71926
48035,2513,13.7,55179
48037,14627,16.8,51207
48039,31116,8.6,83704
48041,42898,20,54471
48043,1198,13.1,48581
48045,232,15,44259
48047,2082,29.6,31410
48049,4965,13.7,56040
48051,2506,13.8,61745
48053,4943,10.5,62827
48055,6044,14.4,55301
48057,3088,14.7,55909
48059,1675,12.1,50812
48061,106976,25.5,40893
48063,2151,16.6,47091
48065,504,8.5,69760
48067,5103,17.3,44529
48069,1138,15.3,51736
48071,3761,8.6,93351
48073,8221,16.5,46576
48075,1217,21.9,44095
48077,1191,11.5,59983
48079,545,19.5,43742
48081,437,13.1,48435
48083,1429,17.7,44834
48085,62612,6.1,96847
48087,566,19.8,40314
48089,2867,13.6,55607
48091,10407,6.7,87976
48093,1818,13.5,54122
48095,404,15.1,43321
48097,5155,12.7,61186
48099,7529,11.8,53083
48101,264,18.9,40449
48103,451,9.6,68626
48105,476,13.8,54165
48107,1247,22.1,38871
48109,424,19.7,44462
48111,821,11.4,55793
48113,363567,14,61807
48115,2338,20.6,48165
48117,3104,17,46178
48119,844,16,51348
48121,56476,6.5,90910
48123,3135,17.1,52544
48125,366,19.4,41973
48127,2537,25.3,40315
48129,500,16.4,41093
48131,2515,23.9,37100
48133,2926,16.7,46991
48135,19781,12.1,65564
48137,399,20.7,40424
48139,15932,8.7,78341
48141,154504,18.8,48629
48143,5937,15.2,53044
48145,3314,21.6,41484
48147,4287,13.2,56123
48149,2710,10.9,62195
48151,508,13.3,51053
48153,979,17.3,45022
48155,190,17,38615
48157,53151,6.6,101361
48159,1528,14.4,50630
48161,2801,15.5,52511
48163,4664,27.7,40360
48165,2820,13.2,67171
48167,38181,11.3,73214
48169,1067,24.2,48975
48171,2271,8.5,62143
48173,111,7.9,93759
48175,1011,13.4,56758
48177,3325,16.2,48425
48179,2888,14.5,52543
48181,15459,11.6,57439
48183,19832,16.5,53137
48185,4119,15.9,51651
48187,12234,7.4,78801
48189,5483,17.9,49187
48191,739,25.4,35940
48193,1185,14.3,52505
48195,622,11.7,58703
48197,750,19.2,40057
48199,6924,12.1,62616
48201,701075,15,61638
48203,11600,17.8,55171
48205,383,8.6,72796
48207,1061,20.7,38613
48209,24895,11.2,72890
48211,344,9.1,71299
48213,14246,17.5,49896
48215,231032,26.9,41656
48217,4700,13.1,53210
48219,3436,15.5,51149
48221,5581,9.2,74534
48223,5370,14.7,50332
48225,4230,20.9,43601
48227,5281,17,61112
48229,1343,28,39309
48231,14114,14.8,57513
48233,2351,11.4,57936
48235,114,7.4,68630
48237,1212,15.6,55358
48239,1996,13.8,55800
48241,6747,19.5,47252
48243,278,12.7,53362
48245,39998,16.9,55173
48247,1181,22.8,38788
48249,8385,21,44444
48251,19035,11,66538
48253,3032,20.4,51094
48255,2644,21,54843
48257,13108,9.8,75009
48259,3468,7.4,94899
48261,57,14.2,46132
48263,81,11.5,52591
48265,6310,12.5,57789
48267,730,17,44757
48269,30,11,71256
48271,629,18.9,47076
48273,6804,23.3,47169
48275,679,19.1,40808
48277,9050,18.4,47061
48279,2346,18.5,42719
48281,2627,12.4,58817
48283,1561,26.6,41683
48285,2163,11,52632
48287,1791,10.7,59250
48289,2494,14.4,50522
48291,11967,14.4,53274
48293,4190,19.2,43644
48295,395,12.4,65388
48297,1825,16.5,54163
48299,2338,10.8,55617
48301,12,7.1,88487
48303,53478,17.9,54733
48305,944,16,45737
48307,1379,17.6,43262
48309,44574,18,51078
48311,77,10.5,68349
48313,2090,17.8,46274
48315,2070,21.4,37876
48317,695,12.1,68745
48319,500,11.7,54914
48321,6335,17.5,49276
48323,15491,26.9,40017
48325,5997,12.2,60695
48327,435,20.7,38425
48329,17401,9.9,85811
48331,3965,16.3,48989
48333,623,13.2,46876
48335,1303,19.5,44457
48337,2517,12.9,53649
48339,53807,8.9,88833
48341,2463,11.9,55099
48343,2220,18.1,43304
48345,210,17.6,40217
48347,12571,20.9,46207
48349,6586,13.4,48649
48351,2933,22.8,45890
48353,2496,17.5,46389
48355,58465,16.5,56079
48357,1115,11.4,62567
48359,245,13.1,59404
48361,10307,12.5,62976
48363,4960,17.2,50159
48365,3266,14.3,56882
48367,11524,8.2,82501
48369,1123,11.8,50607
48371,2562,18.7,52763
48373,7839,16.7,50416
48375,22514,20.3,41138
48377,1286,19.2,33499
48379,1667,13.4,65657
48381,12178,9,70694
48383,340,8.9,67384
48385,597,17.7,40834
48387,2322,19.6,41325
48389,2833,22.1,48990
48391,1224,18,46883
48393,63,7.4,70705
48395,3499,20.7,47016
48397,4991,4.8,105763
48399,1729,17.2,48650
48401,7426,15.4,56036
48403,1834,17.6,43778
48405,1799,22.5,40094
48407,4809,16.8,42633
48409,9507,14.4,57302
48411,1104,20.7,46061
48413,417,15,53286
48415,2217,14.7,56299
48417,413,12.7,65095
48419,5346,21.4,39708
48421,331,11.1,55473
48423,29285,12.9,59538
48425,842,9.4,67897
48427,20741,32.5,32516
48429,1477,17,46658
48431,134,10.7,66790
48433,199,15.1,48267
48435,494,13.1,63427
48437,1393,20.6,44388
48439,211454,10.2,70130
48441,18724,14,54465
48443,136,17.5,45677
48445,2438,21.6,42953
48447,209,13.9,42746
48449,5246,16.3,49924
48451,14713,12.9,54774
48453,134983,10.8,80690
48455,2597,17.9,43788
48457,3380,17.2,48254
48459,6124,14.9,53078
48461,495,13.8,58908
48463,5174,19.8,44690
48465,9786,20.8,45034
48467,7586,13.6,55554
48469,12924,14.3,57344
48471,11810,21.4,47519
48473,6687,13.2,61822
48475,1462,12.4,61396
48477,3534,10.6,59039
48479,57053,20.9,52576
48481,6711,16.4,49901
48483,579,11.6,58544
48485,16584,13.9,51535
48487,1841,14.9,42570
48489,5482,30.5,35821
48491,31514,5.4,92661
48493,4172,8.3,76905
48495,983,12.5,64894
48497,5745,8.3,70468
48499,6231,14.3,56945
48501,916,10.6,62636
48503,2405,13.6,52643
48505,4243,30.1,36069
48507,3374,29.6,32538
49001,589,8.9,58309
49003,4147,7.5,69380
49005,16243,13.1,63180
49007,3255,16.4,52110
49009,64,6.7,63433
49011,19344,5.5,87610
49013,2787,14.2,59437
49015,1084,10.9,61893
49017,460,9.4,54625
49019,1174,12.2,53535
49021,7013,13.1,58307
49023,1070,9,66056
49025,717,9.4,55887
49027,1542,11.8,59069
49029,486,4,101943
49031,227,15.7,42196
49033,230,9.3,64583
49035,103036,9,79941
49037,3295,21.9,49438
49039,3699,13.1,54648
49041,2590,12.1,58983
49043,1968,4.7,112482
49045,3829,5.3,80196
49047,3920,11.1,62541
49049,60411,9.7,79505
49051,1699,5,92136
49053,16590,9.5,64388
49055,319,11.8,50555
49057,17647,6.9,71835
50001,2690,7.9,73574
50003,3399,10,56948
50005,3561,12.3,50942
50007,16084,10.5,76483
50009,908,14.8,45796
50011,4699,9.6,65056
50013,581,8.1,68364
50015,2231,9.1,60555
50017,2652,9.4,59758
50019,3333,12.7,48826
50021,6033,10.8,51903
50023,4673,8.4,65879
50025,4776,11.6,52068
50027,5005,9.2,61843
51001,5225,16.4,47335
51003,6882,6.7,86332
51005,1680,11.5,53341
51007,1211,9.3,60096
51009,3645,12,56218
51011,1991,12.6,54609
51013,17774,7.6,118986
51015,5260,7.3,63621
51017,406,9.9,54385
51019,6766,8.6,66591
51021,749,13.4,49023
51023,1895,5.7,74178
51025,2935,20.9,43835
51027,4332,21.7,36881
51029,2516,16.8,47202
51031,5845,10.8,48984
51033,2883,9.6,64647
51035,4110,13.9,45698
51036,870,12.5,56465
51037,2257,19.3,43001
51041,22943,6.6,81641
51043,911,6.3,85567
51045,572,11.2,53319
51047,4709,9.2,79739
51049,1371,13.8,52005
51051,3330,24.2,37161
51053,2982,10.7,58474
51057,1747,16.2,53538
51059,68543,6,127898
51061,4310,6.1,103827
51063,1783,11.4,52277
51065,1883,7.3,75089
51067,6315,11.5,61878
51069,5731,6.5,83672
51071,1890,11.4,53111
51073,3194,8.6,71715
51075,1420,6.2,100444
51077,2719,18.8,41312
51079,1482,7.6,73345
51081,1929,24.5,47315
51083,5655,17.1,42619
51085,5393,5.1,90824
51087,28486,8.7,68975
51089,7277,14.6,41908
51091,271,12.4,45917
51093,3351,9.1,78749
51095,4366,5.8,92773
51097,820,11.7,54185
51099,1553,5.9,85657
51101,1179,6.9,73035
51103,1383,13.3,55072
51105,5939,27.1,35878
51107,12909,3.1,151806
51109,3559,9.5,64135
51111,2140,19.2,44860
51113,1224,9.3,66397
51115,766,8.8,69112
51117,5137,17.3,43128
51119,1411,13.8,58834
51121,18158,20.5,58740
51125,1748,11.8,55804
51127,1131,5,102619
51131,2077,18.1,45235
51133,1533,12.7,60385
51135,2789,21.5,45913
51137,3534,9.7,71691
51139,2668,11.3,52877
51141,2674,15.5,43568
51143,8960,15.1,51682
51145,1547,5.4,94293
51147,3852,20.6,44586
51149,2842,8.3,74518
51153,28463,6.1,106208
51155,4796,14.6,54086
51157,622,8.5,79086
51159,1303,17.8,49758
51161,5918,6.5,71742
51163,2525,11.5,58501
51165,6482,8.1,67242
51167,5272,20,40345
51169,3069,14.8,41288
51171,4421,10.3,59087
51173,4849,16.5,41964
51175,2132,13.3,62327
51177,8903,6.6,90262
51179,8097,5.4,109090
51181,761,11.9,59069
51183,1851,21.6,45134
51185,8417,21.7,43619
51187,3803,9.7,69878
51191,6396,12.3,52387
51193,2843,15.9,54885
51195,7039,20.4,42372
51197,3645,12.8,48543
51199,3441,5.1,91535
51510,13593,8.6,102589
51520,3604,21.8,37678
51530,1024,17.2,44752
51540,9965,22.1,58717
51550,19812,8.3,77361
51570,1613,9.4,57688
51580,785,14.5,41842
51590,9023,23.5,36073
51595,1044,20.5,38631
51600,1667,7.1,106430
51610,512,3.5,137849
51620,1507,19.2,45433
51630,4463,16.9,62121
51640,1151,19,37229
51650,17926,13.8,55816
51660,11299,24.9,48189
51670,4287,19.3,38293
51678,1073,22.9,54204
51680,11947,16.8,50612
51683,3031,7.4,84405
51685,1095,6.3,83145
51690,2377,19.5,37814
51700,25769,15.1,53022
51710,39553,19,52437
51720,756,19.3,38062
51730,6643,21.6,40240
51735,645,5.3,98217
51740,16860,18.5,50411
51750,4503,30.5,41530
51760,42010,19.2,50949
51770,19049,19.5,45534
51775,2197,9.4,54888
51790,2706,11.3,54296
51800,8906,9.8,77847
51810,31898,7.3,78491
51820,2746,12.3,44619
51830,1937,18.2,56569
51840,3588,13.3,60254
53001,3309,16.8,53535
53003,3092,13.8,54776
53005,21437,10.6,72847
53007,9332,12.2,59838
53009,8476,11.2,57571
53011,44548,9.2,80407
53013,484,12.3,56338
53015,13729,12.6,57316
53017,4724,10.9,63086
53019,1354,18,47463
53021,12409,13.5,63575
53023,283,12.9,54555
53025,13377,13.9,57152
53027,9422,13.1,59346
53029,6037,7.3,72173
53031,3993,12.6,60556
53033,171116,7.7,102338
53035,19787,7.5,79268
53037,6326,14,59172
53039,3013,13.5,60567
53041,9726,12.2,58525
53043,981,9.1,60849
53045,8143,12.8,63689
53047,6828,16.4,44777
53049,2996,13.5,50521
53051,2191,16.1,51950
53053,83128,9.4,78779
53055,1414,8.1,69113
53057,14314,11.2,67551
53059,1246,10.4,69163
53061,56935,7,89119
53063,65750,12.9,59976
53065,6738,14.9,55000
53067,26105,9.1,77890
53069,477,10.8,61123
53071,7099,12.7,60202
53073,28310,12.7,68656
53075,11367,26.3,45906
53077,41218,16.7,55674
54001,2848,18.4,39710
54003,12942,11,63012
54005,4017,18.9,43697
54007,2477,18.3,39651
54009,2551,12,50900
54011,16337,18.5,42125
54013,1524,21.6,37307
54015,1891,22.5,41923
54017,1376,18.8,50642
54019,8321,20.6,41430
54021,1536,25.5,40373
54023,1497,13.2,47400
54025,5814,17.2,43564
54027,3311,14.6,54811
54029,3559,12.5,51017
54031,1929,14.2,46658
54033,7353,11.1,53909
54035,4716,16.7,50808
54037,5529,9.9,75225
54039,28499,16.3,48334
54041,3039,19.5,46895
54043,3990,19.7,43198
54045,6827,21.9,38533
54047,5894,33.8,29106
54049,7939,14.6,51300
54051,4081,13.7,53145
54053,3994,15.5,47753
54055,10768,18.7,41794
54057,3266,12.5,49704
54059,6329,27.3,34698
54061,18887,19.1,55652
54063,2070,15.7,44655
54065,1851,10.5,50660
54067,4558,18.8,40023
54069,5504,14.1,50390
54071,927,13.5,43451
54073,875,13,54972
54075,1270,16.1,39454
54077,4491,14.3,50821
54079,4962,8.9,66991
54081,12090,17.4,45386
54083,4403,16.8,46285
54085,1674,17.9,46131
54087,2628,19.4,41671
54089,2724,23.5,37000
54091,2690,16.7,48294
54093,1014,15.3,47222
54095,1302,15.4,48345
54097,3994,17.5,45074
54099,7654,19.6,42095
54101,1744,21.8,34385
54103,2432,16.3,46824
54105,1015,17.5,48627
54107,11627,14.1,49209
54109,4634,22.9,42761
55001,2231,11.6,53156
55003,2655,17.8,47202
55005,3968,8.9,54372
55007,1533,10.3,58065
55009,25456,9.9,65494
55011,1227,9.5,58407
55013,1926,12.6,51519
55015,2701,5.4,80354
55017,5460,8.8,60713
55019,4605,13.5,54296
55021,3776,6.7,69219
55023,1789,11.6,51919
55025,50163,9.4,77828
55027,6512,8,61730
55029,2549,9.3,64217
55031,4810,11.5,55651
55033,4911,11.7,61506
55035,10586,10.6,64972
55037,463,10.9,58270
55039,7326,7.3,65905
55041,1443,16.3,48964
55043,6278,13.4,56418
55045,2350,6.4,64319
55047,2181,11.7,59458
55049,2240,9.5,67390
55051,709,12.7,48813
55053,2385,12.4,57247
55055,5824,7.1,71098
55057,3391,13.4,55787
55059,16248,9.8,66460
55061,1496,7.4,65879
55063,13280,11.8,59758
55065,1868,11.3,59128
55067,2441,13,49597
55069,2455,9.1,60728
55071,6899,8.8,61326
55073,11026,8.2,66092
55075,4548,11.5,54404
55077,1535,10,56790
55078,1139,25.3,40300
55079,156647,16.9,53505
55081,4936,10.9,60296
55083,3506,9.3,66401
55085,3117,8.9,62765
55087,13110,7.1,66994
55089,3926,4.5,90446
55091,643,9,62675
55093,3900,9.8,75368
55095,3723,8.6,63910
55097,7995,11.8,58248
55099,1959,14.9,48761
55101,23688,12.4,61691
55103,2115,12.5,51295
55105,19755,12.3,61624
55107,1714,12.3,49860
55109,5285,5.9,87098
55111,6471,10.2,63752
55113,2063,12.7,53908
55115,3851,9.6,58982
55117,9051,8.1,62108
55119,1942,9.7,52419
55121,2598,8.9,61687
55123,4297,14.1,56272
55125,2460,11.2,55576
55127,9532,9.5,64682
55129,1990,12.8,52735
55131,6942,5.1,81928
55133,18915,4.7,91070
55135,4329,8.8,61773
55137,2863,12.4,55476
55139,15965,9.7,59643
55141,7734,10.7,57325
56001,5861,16,52216
56003,1400,12.1,53018
56005,3506,7.7,83997
56007,1638,11.7,61626
56009,1256,9.2,72481
56011,604,8,64120
56013,4937,12.9,57953
56015,1557,13,55540
56017,472,10.9,52344
56019,751,9,57224
56021,9194,9.5,69613
56023,1381,7,71269
56025,7735,9.9,66104
56027,316,15.1,48513
56029,2936,10.3,59494
56031,949,11.5,57425
56033,2500,8.5,64030
56035,701,7.2,78055
56037,3453,8.3,80639
56039,1396,6,98837
56041,1699,8.5,70756
56043,845,11.1,55122
56045,692,10.5,59410
